{
"records": [
{"Date":"10/4/2013","Miles":143112.00 ,"Gallons":10.22 ,"Cost":39.83 ,"MPG":27.23 },
{"Date":"10/14/2013","Miles":143408.00 ,"Gallons":11.06 ,"Cost":41.13 ,"MPG":26.77 },
{"Date":"10/22/2013","Miles":143712.00 ,"Gallons":10.71 ,"Cost":39.60 ,"MPG":28.40 },
{"Date":"10/30/2013","Miles":143984.00 ,"Gallons":10.07 ,"Cost":37.06 ,"MPG":27.00 },
{"Date":"11/7/2013","Miles":144290.00 ,"Gallons":11.43 ,"Cost":41.72 ,"MPG":26.76 },
{"Date":"11/17/2013","Miles":144564.00 ,"Gallons":12.08 ,"Cost":43.96 ,"MPG":22.68 },
{"Date":"11/22/2013","Miles":144773.00 ,"Gallons":7.33 ,"Cost":26.31 ,"MPG":28.51 },
{"Date":"12/3/2013","Miles":145096.00 ,"Gallons":11.77 ,"Cost":42.70 ,"MPG":27.45 },
{"Date":"12/11/2013","Miles":145373.00 ,"Gallons":10.30 ,"Cost":37.48 ,"MPG":26.89 },
{"Date":"12/22/2013","Miles":145659.00 ,"Gallons":7.34 ,"Cost":26.72 ,"MPG":38.94 },
{"Date":"1/10/2014","Miles":145915.00 ,"Gallons":11.16 ,"Cost":41.16 ,"MPG":22.94 },
{"Date":"1/30/2014","Miles":146230.00 ,"Gallons":11.14 ,"Cost":41.10 ,"MPG":28.27 },
{"Date":"1/27/2014","Miles":146561.00 ,"Gallons":10.71 ,"Cost":39.50 ,"MPG":30.91 },
{"Date":"2/1/2014","Miles":146886.00 ,"Gallons":11.02 ,"Cost":41.42 ,"MPG":29.49 },
{"Date":"2/14/2014","Miles":147219.00 ,"Gallons":11.55 ,"Cost":41.57 ,"MPG":28.83 },
{"Date":"2/26/2014","Miles":147525.00 ,"Gallons":12.07 ,"Cost":39.66 ,"MPG":25.36 },
{"Date":"3/6/2014","Miles":147730.00 ,"Gallons":8.02 ,"Cost":30.32 ,"MPG":25.55 },
{"Date":"3/29/2014","Miles":148029.00 ,"Gallons":11.00 ,"Cost":42.24 ,"MPG":27.17 },
{"Date":"4/14/2014","Miles":148323.00 ,"Gallons":10.56 ,"Cost":42.21 ,"MPG":27.85 },
{"Date":"4/23/2014","Miles":148520.00 ,"Gallons":7.44 ,"Cost":30.35 ,"MPG":26.47 },
{"Date":"5/1/2014","Miles":148832.00 ,"Gallons":10.68 ,"Cost":43.78 ,"MPG":29.21 },
{"Date":"5/16/2014","Miles":149136.00 ,"Gallons":10.98 ,"Cost":42.81 ,"MPG":27.68 },
{"Date":"5/22/2014","Miles":149441.00 ,"Gallons":11.04 ,"Cost":43.04 ,"MPG":27.63 },
{"Date":"6/4/2014","Miles":149766.00 ,"Gallons":11.15 ,"Cost":43.48 ,"MPG":29.15 },
{"Date":"6/12/2014","Miles":150072.00 ,"Gallons":10.68 ,"Cost":42.26 ,"MPG":28.67 },
{"Date":"6/20/2014","Miles":150349.00 ,"Gallons":10.40 ,"Cost":40.53 ,"MPG":26.65 },
{"Date":"7/2/2014","Miles":150658.00 ,"Gallons":11.17 ,"Cost":44.66 ,"MPG":27.67 },
{"Date":"7/15/2014","Miles":150979.00 ,"Gallons":11.63 ,"Cost":44.19 ,"MPG":27.60 },
{"Date":"7/28/2014","Miles":151317.00 ,"Gallons":11.79 ,"Cost":43.37 ,"MPG":28.67 },
{"Date":"8/7/2014","Miles":151634.00 ,"Gallons":10.59 ,"Cost":37.88 ,"MPG":29.95 },
{"Date":"8/15/2014","Miles":151933.00 ,"Gallons":10.26 ,"Cost":36.30 ,"MPG":29.15 },
{"Date":"8/23/2014","Miles":152256.00 ,"Gallons":11.60 ,"Cost":40.60 ,"MPG":27.84 },
{"Date":"8/29/2014","Miles":152515.00 ,"Gallons":8.67 ,"Cost":30.34 ,"MPG":29.87 },
{"Date":"9/5/2014","Miles":152741.00 ,"Gallons":8.18 ,"Cost":28.79 ,"MPG":27.62 },
{"Date":"9/12/2014","Miles":153025.00 ,"Gallons":10.63 ,"Cost":37.19 ,"MPG":26.72 },
{"Date":"9/17/2014","Miles":153313.00 ,"Gallons":10.80 ,"Cost":37.58 ,"MPG":26.66 },
{"Date":"9/25/2014","Miles":153607.00 ,"Gallons":11.05 ,"Cost":38.01 ,"MPG":26.60 },
{"Date":"10/3/2014","Miles":153937.00 ,"Gallons":11.51 ,"Cost":39.57 ,"MPG":28.68 },
{"Date":"10/12/2014","Miles":154235.00 ,"Gallons":10.97 ,"Cost":36.64 ,"MPG":27.16 },
{"Date":"10/17/2014","Miles":154415.00 ,"Gallons":6.52 ,"Cost":21.12 ,"MPG":27.60 },
{"Date":"10/24/2014","Miles":154755.00 ,"Gallons":8.27 ,"Cost":25.78 ,"MPG":41.13 },
{"Date":"11/7/2014","Miles":154977.00 ,"Gallons":12.53 ,"Cost":36.78 ,"MPG":17.71 },
{"Date":"11/18/2014","Miles":155309.00 ,"Gallons":12.01 ,"Cost":35.52 ,"MPG":27.66 },
{"Date":"12/2/2014","Miles":155648.00 ,"Gallons":12.00 ,"Cost":34.79 ,"MPG":28.25 },
{"Date":"12/14/2015","Miles":156005.00 ,"Gallons":10.41 ,"Cost":34.70 ,"MPG":34.28 },
{"Date":"12/24/2015","Miles":156282.00 ,"Gallons":11.36 ,"Cost":25.88 ,"MPG":24.39 },
{"Date":"1/7/2015","Miles":156623.00 ,"Gallons":10.23 ,"Cost":23.11 ,"MPG":33.33 },
{"Date":"1/21/2015","Miles":156939.00 ,"Gallons":11.88 ,"Cost":26.73 ,"MPG":26.59 },
{"Date":"1/31/2015","Miles":157269.00 ,"Gallons":11.45 ,"Cost":25.64 ,"MPG":28.82 },
{"Date":"2/8/2015","Miles":157540.00 ,"Gallons":10.01 ,"Cost":25.02 ,"MPG":27.07 },
{"Date":"2/20/2015","Miles":157833.00 ,"Gallons":11.38 ,"Cost":30.71 ,"MPG":25.75 },
{"Date":"2/28/2015","Miles":158054.00 ,"Gallons":8.45 ,"Cost":25.67 ,"MPG":26.16 },
{"Date":"3/11/2015","Miles":158347.00 ,"Gallons":11.53 ,"Cost":37.36 ,"MPG":25.40 },
{"Date":"3/25/2015","Miles":158634.00 ,"Gallons":10.71 ,"Cost":31.68 ,"MPG":26.81 },
{"Date":"4/2/2015","Miles":158921.00 ,"Gallons":10.56 ,"Cost":31.24 ,"MPG":27.18 },
{"Date":"4/15/2015","Miles":159239.00 ,"Gallons":11.66 ,"Cost":33.81 ,"MPG":27.27 },
{"Date":"4/24/2015","Miles":159394.00 ,"Gallons":5.91 ,"Cost":17.72 ,"MPG":26.24 },
{"Date":"5/8/2015","Miles":159693.00 ,"Gallons":10.92 ,"Cost":38.20 ,"MPG":27.39 },
{"Date":"5/21/2015","Miles":159994.00 ,"Gallons":10.41 ,"Cost":34.71 ,"MPG":28.90 },
{"Date":"5/22/2015","Miles":160057.00 ,"Gallons":12.01 ,"Cost":42.49 ,"MPG":5.25 },
{"Date":"6/5/2015","Miles":160351.00 ,"Gallons":10.71 ,"Cost":35.74 ,"MPG":27.46 },
{"Date":"6/17/2015","Miles":160630.00 ,"Gallons":10.36 ,"Cost":32.71 ,"MPG":26.94 },
{"Date":"6/30/2015","Miles":160925.00 ,"Gallons":10.92 ,"Cost":34.94 ,"MPG":27.01 },
{"Date":"7/8/2015","Miles":161087.00 ,"Gallons":6.25 ,"Cost":20.00 ,"MPG":25.92 },
{"Date":"7/16/2015","Miles":161344.00 ,"Gallons":9.74 ,"Cost":38.94 ,"MPG":26.39 },
{"Date":"7/29/2015","Miles":161632.00 ,"Gallons":11.26 ,"Cost":43.23 ,"MPG":25.57 },
{"Date":"8/21/2015","Miles":161943.00 ,"Gallons":11.03 ,"Cost":34.17 ,"MPG":28.21 },
{"Date":"9/3/2015","Miles":162226.00 ,"Gallons":11.01 ,"Cost":32.57 ,"MPG":25.71 },
{"Date":"9/16/2015","Miles":162525.00 ,"Gallons":11.58 ,"Cost":30.78 ,"MPG":25.83 },
{"Date":"9/28/2015","Miles":162837.00 ,"Gallons":11.47 ,"Cost":24.61 ,"MPG":27.21 },
{"Date":"10/7/2015","Miles":163049.00 ,"Gallons":11.47 ,"Cost":30.95 ,"MPG":18.49 },
{"Date":"10/15/2015","Miles":163337.00 ,"Gallons":11.01 ,"Cost":29.27 ,"MPG":26.16 },
{"Date":"10/26/2015","Miles":163667.00 ,"Gallons":11.29 ,"Cost":29.35 ,"MPG":29.22 },
{"Date":"11/6/2015","Miles":163917.00 ,"Gallons":10.07 ,"Cost":26.18 ,"MPG":24.82 }
],
	"error" : false,
	"status" : 200
}